{
    "RANK_CRIT": {
        "RANK_CRIT_STRUCTURAL": 2.269230769230769,
        "RANK_CRIT_FUNCTIONAL": 1.7692307692307692,
        "RANK_CRIT_MAINTENANCE": 1.9615384615384615
    },
    "RANK_VIS": {
        "RANK_VIS_ELLERY": 2.0384615384615383,
        "RANK_VIS_EMBARCADERO": 4.910256410256411,
        "RANK_VIS_HAMPSHIRE": 3.1666666666666665,
        "RANK_VIS_BROADWAY": 3.948717948717949,
        "RANK_VIS_POTRERO": 5.82051282051282,
        "RANK_VIS_MERIDIAN": 1.1153846153846154
    },
    "RANK_DEBRIS": {
        "RANK_DEBRIS_NON_PUNCT": 1.935897435897436,
        "RANK_DEBRIS_PARTICLES": 2.3846153846153846,
        "RANK_DEBRIS_PRECIP": 2.769230769230769,
        "RANK_DEBRIS_SLIP": 3.3974358974358974,
        "RANK_DEBRIS_PUNCT": 4.512820512820513
    },
    "RANK_LANE": {
        "RANK_LANE_POSTPROTECT": 4.17948717948718,
        "RANK_LANE_BUFFERED": 2.730769230769231,
        "RANK_LANE_RAISED": 3.1538461538461537,
        "RANK_LANE_STANDARD": 1.2564102564102564,
        "RANK_LANE_PARKINGPROTECT": 4.217948717948718,
        "RANK_LANE_CURBPROTECT": 5.461538461538462
    }
}