{
    "RANK_CRIT": {
        "RANK_CRIT_STRUCTURAL": 2.2857142857142856,
        "RANK_CRIT_FUNCTIONAL": 1.7532467532467533,
        "RANK_CRIT_MAINTENANCE": 1.9610389610389611
    },
    "RANK_VIS": {
        "RANK_VIS_ELLERY": 2.038961038961039,
        "RANK_VIS_EMBARCADERO": 4.909090909090909,
        "RANK_VIS_HAMPSHIRE": 3.168831168831169,
        "RANK_VIS_BROADWAY": 3.948051948051948,
        "RANK_VIS_POTRERO": 5.818181818181818,
        "RANK_VIS_MERIDIAN": 1.1168831168831168
    },
    "RANK_DEBRIS": {
        "RANK_DEBRIS_NON_PUNCT": 1.948051948051948,
        "RANK_DEBRIS_PARTICLES": 2.3896103896103895,
        "RANK_DEBRIS_PRECIP": 2.7532467532467533,
        "RANK_DEBRIS_SLIP": 3.4025974025974026,
        "RANK_DEBRIS_PUNCT": 4.5064935064935066
    },
    "RANK_LANE": {
        "RANK_LANE_POSTPROTECT": 4.181818181818182,
        "RANK_LANE_BUFFERED": 2.727272727272727,
        "RANK_LANE_RAISED": 3.168831168831169,
        "RANK_LANE_STANDARD": 1.2597402597402598,
        "RANK_LANE_PARKINGPROTECT": 4.207792207792208,
        "RANK_LANE_CURBPROTECT": 5.454545454545454
    }
}