{
    "simple": 0.5025264612389007,
    "all": 0.5033287226543067,
    "byfreq": 0.5128238841709511
}