{
    "simple": 0.10750042930378043,
    "all": 0.10780003617384408,
    "byfreq": 0.1204913853246355,
    "bytype": 0.1310156688712531,
    "bytypefreq": 0.1358962541494961
}